[[['Services that are covered for you', 'What you must pay when', ''], [None, 'you get these services', None], ['24/7 Nurse Line Support\nCall: 1-800-631-7023; 24 hours a day, 7 days a $0 copay for nurse line\nweek support.\nNurses are available 24 hours a day, seven days a\nweek. They can help you with health concerns and\ngive general health tips. Get trusted guidance on\npossible emergency care, urgent care, family care\nand more.', None, None], ['Abdominal aortic aneurysm screening\nA one-time screening ultrasound for people at risk. In-Network\nThe plan only covers this screening if you have There is no coinsurance,\ncertain risk factors and if you get a referral for it copayment, or deductible\nfrom your physician, physician assistant, nurse for members eligible for this\npractitioner, or clinical nurse specialist. preventive screening.\nOut-of-Network\n$0 copay for Medicare-\ncovered services.', None, None], ['Acupuncture for chronic low back pain\nCovered services include: In-Network\n$50 copay for each\nUp to 12 visits in 90 days are covered for Medicare\nMedicare-covered visit.\nbeneficiaries under the following circumstances:\nOut-of-Network\nFor the purpose of this benefit, chronic low back\n$75 copay for each\npain is defined as:\nMedicare-covered visit.\n• Lasting 12 weeks or longer; Prior authorization may\n• nonspecific, in that it has no identifiable be required.\nsystemic cause (i.e., not associated with\nmetastatic, inflammatory, infectious disease,\netc.);\n• not associated with surgery; and\n• not associated with pregnancy.\nAn additional eight sessions will be covered for\nthose patients demonstrating an improvement. No', None, None]]]
[[['Services that are covered for you', 'What you must pay when', ''], [None, 'you get these services', None], ['more than 20 acupuncture treatments may be\nadministered annually.\nTreatment must be discontinued if the patient is\nnot improving or is regressing.\nProvider Requirements:\nPhysicians (as defined in 1861(r)(1) of the Social\nSecurity Act (the Act)) may furnish acupuncture in\naccordance with applicable state requirements.\nPhysician assistants (PAs), nurse practitioners\n(NPs)/clinical nurse specialists (CNSs) (as identified\nin 1861(aa) (5) of the Act), and auxiliary personnel\nmay furnish acupuncture if they meet all\napplicable state requirements and have:\n• a masters or doctoral level degree in\nacupuncture or Oriental Medicine from a\nschool accredited by the Accreditation\nCommission on Acupuncture and Oriental\nMedicine (ACAOM); and,\n• a current, full, active, and unrestricted license\nto practice acupuncture in a State, Territory,\nor Commonwealth (i.e. Puerto Rico) of the\nUnited States, or District of Columbia.\nAuxiliary personnel furnishing acupuncture must\nbe under the appropriate level of supervision of a\nphysician, PA, or NP/CNS required by our\nregulations at 42 CFR §§ 410.26 and 410.27.', None, None], ['Ambulance services\nCovered ambulance services, whether for an $225 copay for each one-\nemergency or non-emergency situation, include way Medicare-covered\nfixed wing, rotary wing, and ground ambulance ground transportation\nservices, to the nearest appropriate facility that\nservice.\ncan provide care only if they are furnished to a\n20% of the total cost for\nmember whose medical condition is such that\neach one-way Medicare-\nother means of transportation could endanger the\ncovered air transportation\nperson’s health or if authorized by the plan. If the\nservice.\ncovered ambulance services are not for an', None, None], ['', '', None]]]
[[['Services that are covered for you', 'What you must pay when', ''], [None, 'you get these services', None], ['emergency situation, it should be documented Prior authorization may\nthat the member’s condition is such that other be required.\nmeans of transportation could endanger the\nperson’s health and that transportation by\nambulance is medically required.', None, None], ['Annual physical exam\nThe routine physical examination is a In-Network\ncomprehensive preventive medicine evaluation $0 copay for an annual\nand management of an individual including an age physical exam.\nand gender appropriate history, hands on\nOut-of-Network\nexamination, anticipatory guidance/ risk factor\n$0 copay for an annual\nreduction interventions.\nphysical exam.', None, None], ['Annual wellness visit\nIf you’ve had Part B for longer than 12 months, you In-Network\ncan get an annual wellness visit to develop or There is no coinsurance,\nupdate a personalized prevention plan based on copayment, or deductible\nyour current health and risk factors. This is for the annual wellness visit.\ncovered once every 12 months.\nOut-of-Network\nNote: Your first annual wellness visit can’t take $0 copay for Medicare-\nplace within 12 months of your Welcome to covered services.\nMedicare preventive visit. However, you don’t need\nto have had a Welcome to Medicare visit to be\ncovered for annual wellness visits after you’ve had\nPart B for 12 months.', None, None], ['Bone mass measurement\nFor qualified individuals (generally, this means In-Network\npeople at risk of losing bone mass or at risk of There is no coinsurance,\nosteoporosis), the following services are covered copayment, or deductible\nevery 24 months or more frequently if medically for Medicare-covered bone\nnecessary: procedures to identify bone mass, mass measurement.\ndetect bone loss, or determine bone quality,\nOut-of-Network\nincluding a physician’s interpretation of the\n$0 copay for Medicare-\nresults.\ncovered services.', None, None]]]
[[['Services that are covered for you', 'What you must pay when', ''], [None, 'you get these services', None], ['Breast cancer screening (mammograms)\nCovered services include: In-Network\n• One baseline mammogram between the There is no coinsurance,\nages of 35 and 39 copayment, or deductible\n• One screening mammogram every 12 for covered screening\nmonths for women aged 40 and older mammograms.\n• Clinical breast exams once every 24 months\nOut-of-Network\n$0 copay for Medicare-\ncovered services.', None, None], ['', '', None], ['Cardiac rehabilitation services\nComprehensive programs of cardiac rehabilitation In-Network\nservices that include exercise, education, and $30 copay for Medicare-\ncounseling are covered for members who meet covered cardiac rehab\ncertain conditions with a doctor’s referral. The plan services.\nalso covers intensive cardiac rehabilitation\n$30 copay for Medicare-\nprograms that are typically more rigorous or more\ncovered intensive cardiac\nintense than cardiac rehabilitation programs.\nrehab services.\nOut-of-Network\n$75 copay for Medicare-\ncovered cardiac rehab\nservices.\n$75 copay for Medicare-\ncovered intensive cardiac\nrehab services.\nPrior authorization may\nbe required.', None, None], ['', '', None], ['Cardiovascular disease risk reduction visit\n(therapy for cardiovascular disease)\nWe cover one visit per year with your primary care In-Network\ndoctor to help lower your risk for cardiovascular There is no coinsurance,\ndisease. During this visit, your doctor may discuss copayment, or deductible\naspirin use (if appropriate), check your blood\nfor the intensive behavioral\npressure, and give you tips to make sure you’re therapy cardiovascular\neating healthy. disease preventive benefit.', None, None]]]
[[['Services that are covered for you', 'What you must pay when', ''], [None, 'you get these services', None], ['Out-of-Network\n$0 copay for Medicare-\ncovered services.', None, None], ['', '', None], ['Cardiovascular disease testing\nIn-Network\nBlood tests for the detection of cardiovascular\nThere is no coinsurance,\ndisease (or abnormalities associated with an\ncopayment, or deductible\nelevated risk of cardiovascular disease) once every\nfor cardiovascular disease\nfive years (60 months).\ntesting that is covered once\nevery five years.\nOut-of-Network\n$0 copay for Medicare-\ncovered services.', None, None], ['Cervical and vaginal cancer screening\nCovered services include: In-Network\n• For all women: Pap tests and pelvic exams There is no coinsurance,\nare covered once every 24 months. copayment, or deductible\n• If you are at high risk of cervical or vaginal for Medicare-covered\ncancer or you are of childbearing age and preventive Pap and pelvic\nhave had an abnormal Pap test within the exams.\npast 3 years: one Pap test every 12 months\nOut-of-Network\n$0 copay for Medicare-\ncovered services.', None, None], ['Chiropractic services\nCovered services include: In-Network\n• We cover only manual manipulation of the $20 copay for Medicare-\nspine to correct subluxation covered services.\nOut-of-Network\n$75 copay for Medicare-\ncovered services.\nPrior authorization may\nbe required.', None, None]]]
[[['Services that are covered for you', 'What you must pay when', ''], [None, 'you get these services', None], ['Colorectal cancer screening\nThe following screening tests are covered: In-Network\nThere is no coinsurance,\n• Colonoscopy has no minimum or maximum\ncopayment, or deductible\nage limitation and is covered once every 120\nfor a Medicare-covered\nmonths (10 years) for patients not at high\ncolorectal cancer screening\nrisk, or 48 months after a previous flexible\nexam.\nsigmoidoscopy for patients who are not at\nhigh risk for colorectal cancer, and once $0 copay for each Medicare-\nevery 24 months for high risk patients after a covered barium enema.\nprevious screening colonoscopy or barium\nOut-of-Network\nenema.\n$0 copay for Medicare-\n• Flexible sigmoidoscopy for patients 45 years\ncovered colorectal services.\nand older. Once every 120 months for\n$0 copay for each Medicare-\npatients not at high risk after the patient\ncovered barium enema.\nreceived a screening colonoscopy. Once\nevery 48 months for high risk patients from\nthe last flexible sigmoidoscopy or barium\nenema.\n• Screening fecal-occult blood tests for patients\n45 years and older. Once every 12 months.\n• Multitarget stool DNA for patients 45 to 85\nyears of age and not meeting high risk\ncriteria. Once every 3 years.\n• Blood-based Biomarker Tests for patients 45\nto 85 years of age and not meeting high risk\ncriteria. Once every 3 years.\n• Barium Enema as an alternative to\ncolonoscopy for patients at high risk and 24\nmonths since the last screening barium\nenema or the last screening colonoscopy.\n• Barium Enema as an alternative to flexible\nsigmoidoscopy for patient not at high risk\nand 45 years or older. Once at least 48\nmonths following the last screening barium\nenema or screening flexible sigmoidoscopy.\nColorectal cancer screening tests include a follow-\non screening colonoscopy after a Medicare\ncovered non-invasive stool-based colorectal cancer\nscreening test returns a positive result.', None, None]]]
[[['Services that are covered for you', 'What you must pay when', ''], [None, 'you get these services', None], ["Dental services\nIn general, preventive dental services (such as Medicare Covered Services:\ncleaning, routine dental exams, and dental x-rays)\nIn-Network\nare not covered by Original Medicare. However,\n$35 copay for Medicare-\nMedicare currently pays for dental services in a\ncovered services.\nlimited number of circumstances, specifically when\nOut-of-Network\nthat service is an integral part of specific treatment\n$75 copay for Medicare-\nof a beneficiary's primary medical condition. Some\ncovered services.\nexamples include reconstruction of the jaw\nfollowing fracture or injury, tooth extractions done Supplemental Dental\nin preparation for radiation treatment for cancer Services:\ninvolving the jaw, or oral exams preceding kidney\nIn and Out-of-Network\ntransplantation. In addition, we cover some\npreventive dental and basic restorative $0 copay for preventive\ncomprehensive dental services. dental services which\ninclude:\n• 2 oral exams per\nyear\n• 2 cleanings per year\n• 1 bitewing X-ray per\nyear\nComprehensive Basic\nRestorative dental plan\ncoverage limit – $1,000\nmaximum plan coverage\namount for in- and out-of-\nnetwork comprehensive\ndental benefits per year.\nSee complete details\nfollowing the Medical\nBenefits Chart for Basic\nRestorative Comprehensive\ndental coverage.\nOptional Supplemental\nBenefit\nComprehensive Major\nRestorative services with", None, None], ['', '', None]]]
[[['Services that are covered for you', 'What you must pay when', ''], [None, 'you get these services', None], ['additional allowance are only\navailable if Optional\nSupplemental Benefits\npackage is purchased.\nSee Section 2.2 for Optional\nSupplemental Benefits', None, None], ['Depression screening\nWe cover one screening for depression per year. In-Network\nThe screening must be done in a primary care There is no coinsurance,\nsetting that can provide follow-up treatment copayment, or deductible\nand/or referrals. for an annual depression\nscreening visit.\nOut-of-Network\n$0 copay for Medicare-\ncovered services.', None, None], ['', '', None], ['Diabetes screening\nWe cover this screening (includes fasting glucose In-Network\ntests) if you have any of the following risk factors: There is no coinsurance,\nhigh blood pressure (hypertension), history of copayment, or deductible\nabnormal cholesterol and triglyceride levels for the Medicare covered\n(dyslipidemia), obesity, or a history of high blood diabetes screening tests.\nsugar (glucose). Tests may also be covered if you\nOut-of-Network\nmeet other requirements, like being overweight\n$0 copay for Medicare-\nand having a family history of diabetes.\ncovered services.\nBased on the results of these tests, you may be\neligible for up to two diabetes screenings every 12\nmonths.', None, None], ['Diabetes self-management training, diabetic\nservices and supplies\nFor all people who have diabetes (insulin and non- In-Network\ninsulin users). Covered services include: 0% cost sharing limited to\n• Supplies to monitor your blood glucose: diabetic testing supplies\nBlood glucose monitor, blood glucose test (meters, strips and lancets)\nobtained through the\nstrips, lancet devices and lancets, and\npharmacy for a LifeScan', None, None]]]
[[['Services that are covered for you', 'What you must pay when', ''], [None, 'you get these services', None], ['glucose-control solutions for checking the branded product (OneTouch\naccuracy of test strips and monitors. Verio Flex, OneTouch Verio\n• For people with diabetes who have severe Reflect, OneTouch Verio,\ndiabetic foot disease: One pair per calendar OneTouch Verio IQ,\nyear of therapeutic custom-molded shoes OneTouch Ultra Mini and\n(including inserts provided with such shoes) OneTouch Ultra 2). Prior\nand two additional pairs of inserts, or one Authorization will be\npair of depth shoes and three pairs of inserts required for all other\n(not including the non-customized removable diabetic testing supplies\ninserts provided with such shoes). Coverage (meters, strips, lancets) and\nincludes fitting. will be subject to 20% cost\n• Diabetes self-management training is sharing. All test strips will\ncovered under certain conditions. also be subject to a quantity\nlimit of 204 per 30 days.\nContinuous Glucose\nMonitoring (CGM) products\nobtained through the\npharmacy are subject to\n20% cost sharing, Prior\nAuthorization and Quantity\nLimit. Coverage is preferred\nfor Dexcom G6, Dexcom G7\nwhen used with a Dexcom\nReceiver, and Abbott\nFreestyle Libre and Freestyle\nLibre 2 products, and\nFreestyle Libre 3 when used\nwith a Freestyle Libre\nreceiver.\n20% of the total cost for\nMedicare-covered diabetic\ntherapeutic shoes or inserts.\n$0 copay for Medicare-\ncovered diabetes self-\nmanagement training\nservices.', None, None]]]
[[['Services that are covered for you', 'What you must pay when', ''], [None, 'you get these services', None], ['Out-of-Network\n20% of the total cost for\nMedicare-covered diabetic\nsupplies.\n20% of the total cost for\nMedicare-covered diabetic\ntherapeutic shoes or inserts.\n$0 copay for Medicare-\ncovered diabetes self-\nmanagement training\nservices.\nPrior authorization may\nbe required.', None, None], ['Durable medical equipment (DME) and related\nsupplies\n(For a definition of durable medical equipment, In-Network\nsee Chapter 10 of this document as well as 20% of the total cost for\nChapter 3, Section 7.) Medicare-covered durable\nmedical equipment and\nCovered items include, but are not limited to:\nsupplies.\nwheelchairs, crutches, powered mattress systems,\ndiabetic supplies, hospital beds ordered by a Your cost sharing for\nprovider for use in the home, IV infusion pumps, Medicare oxygen equipment\nspeech generating devices, oxygen equipment, coverage is 20% of the total\nnebulizers, and walkers. cost, every month.\nOut-of-Network\nWe cover all medically necessary DME covered by\n20% of the total cost for\nOriginal Medicare. If our supplier in your area does\nMedicare-covered durable\nnot carry a particular brand or manufacturer, you\nmedical equipment and\nmay ask them if they can special order it for you.\nsupplies.\nThe most recent list of suppliers is available on our\nwebsite at getblueil.com/mapd. Your cost sharing for\nMedicare oxygen equipment\ncoverage is 20% of the total\ncost, every month.\nPrior authorization may\nbe required.', None, None]]]
[[['Services that are covered for you', 'What you must pay when', ''], [None, 'you get these services', None], ['Emergency care\nEmergency care refers to services that are: $120 copay for Medicare-\ncovered emergency room\n• Furnished by a provider qualified to furnish\nvisits.\nemergency services, and\nCopay is waived if you are\n• Needed to evaluate or stabilize an\nadmitted to the hospital\nemergency medical condition.\nwithin 3 days for the same\nA medical emergency is when you, or any other\ncondition.\nprudent layperson with an average knowledge of\nhealth and medicine, believe that you have Worldwide Coverage\nmedical symptoms that require immediate $120 copay for\nmedical attention to prevent loss of life (and, if you emergency/urgent services.\nare a pregnant woman, loss of an unborn child),\nIf you receive emergency\nloss of a limb, or loss of function of a limb. The\ncare at an out-of-network\nmedical symptoms may be an illness, injury,\nhospital and need inpatient\nsevere pain, or a medical condition that is quickly\ncare after your emergency\ngetting worse.\ncondition is stabilized, you\nCost sharing for necessary emergency services must move to a network\nfurnished out-of-network is the same as for such hospital in order to pay the\nservices furnished in-network. in-network cost-sharing\namount for the part of your\nWorldwide emergency/urgent care services are\nstay after you are stabilized.\ncovered.\nIf you stay at the out-of-\nnetwork hospital, your stay\nwill be covered but you will\npay the out-of-network cost-\nsharing amount for the part\nof your stay after you are\nstabilized.', None, None], ['Health and wellness education programs\nSilverSneakers® Membership $0 copay for this wellness\nprogram.\nSilverSneakers can help you live a healthier, more\nactive life through fitness and social connection.\nYou are covered for a fitness benefit through\nSilverSneakers online and at participating\nlocations1. You have access to a nationwide', None, None]]]
[[['Services that are covered for you', 'What you must pay when', ''], [None, 'you get these services', None], ['network of participating locations where you can\ntake classes2 and use exercise equipment and\nother amenities. Enroll in as many locations as you\nlike, at any time. You also have access to\ninstructors who lead specially designed group\nexercise classes in-person and online, seven days\na week. Additionally, SilverSneakers Community\ngives you options to get active outside of\ntraditional gyms at recreation centers, parks and\nother neighborhood locations. SilverSneakers also\nconnects you to a support network and online\nresources through SilverSneakers LIVE classes,\nSilverSneakers On-Demand videos and the\nSilverSneakers GO mobile app. Activate your free\nonline account at SilverSneakers.com to view your\nSilverSneakers Member ID number, and all\nprogram features available to you at no additional\ncost. For additional questions, go to\nSilverSneakers.com or call 1-888-423-4632 (TTY: )\nMonday through Friday, 8 a.m. to 8 p.m. ET.\nAlways talk with your doctor before starting an\nexercise program.\n1. Participating locations (“PL”) are not owned\nor operated by Tivity Health, Inc. or its\naffiliates. Use of PL facilities and amenities is\nlimited to terms and conditions of PL basic\nmembership. Facilities and amenities vary by\nPL.\n2. Membership includes SilverSneakers\ninstructor-led group fitness classes. Some\nlocations offer members additional classes.\nClasses vary by location.\nBlue Cross®, Blue Shield® and the Cross and\nShield Symbols are registered service marks of the\nBlue Cross and Blue Shield Association, an\nassociation of independent Blue Cross and Blue\nShield Plans.', None, None]]]
[[['Services that are covered for you', 'What you must pay when', ''], [None, 'you get these services', None], ['SilverSneakers is a registered trademarks of Tivity\nHealth, Inc. © 2024 Tivity Health, Inc. All rights\nreserved.', None, None], ['Hearing services\nDiagnostic hearing and balance evaluations In-Network\nperformed by your PCP to determine if you need\n$40 copay Medicare-\nmedical treatment are covered as outpatient care\nCovered hearing exam.\nwhen furnished by a physician, audiologist, or\nother qualified provider. Out-of-Network\nIn addition to Medicare-covered benefits, we also $75 copay for Medicare-\noffer: Covered hearing exam\nTwo In-Network TruHearing-branded hearing aids Supplemental Hearing\nevery year (one per ear per year). Benefit is limited Coverage:\nto TruHearing’s Advanced and Premium hearing\nIn-Network\naids, which come in various styles and colors and\n$0 copay for routine hearing\nare available in rechargeable style options (for an\nexam every year\nadditional $50 per aid). You must see a TruHearing\nprovider to use this benefit. $0 copay for hearing aid\nfitting and evaluations -\nHearing aid purchase includes:\nunlimited provider visits for\n• 60-day trial period\nfitting and adjustments\n• 80 batteries per aid for non-rechargeable\nwithin 12 months of\nmodels\npurchase of TruHearing\nBenefit does not include or cover any of the hearing aids\nfollowing:\nPlan-approved hearing aids\n• Additional cost for optional hearing aid\n(1 per ear per year). Benefit\nrechargeability\nis limited to the TruHearing\n• Over-the-Counter (OTC) hearing aids\nbranded hearing aids. $699\n• Ear molds\ncopay per Advanced Aid or\n• Hearing aid accessories\n$999 copay per Premium\n• Additional provider visits\nAid\n• Additional batteries; batteries when a\nRoutine hearing exam and\nrechargeable hearing aid is purchased\nhearing aid copayments are\n• Hearing aids that are not TruHearing-\nnot subject to the out-of-\nbranded hearing aids\npocket maximum\n• Costs associated with loss & damage\nwarranty claims You must see a TruHearing\nprovider to use this benefit.', None, None]]]
[[['Services that are covered for you', 'What you must pay when', ''], [None, 'you get these services', None], ['Costs associated with excluded items are the Out-of-Network\nresponsibility of the member and not covered by You must see a TruHearing\nthe plan. provider to use this benefit.\nPrior authorization and/or\nreferral may be required.', None, None], ['HIV screening\nFor people who ask for an HIV screening test or In-Network\nwho are at increased risk for HIV infection, we There is no coinsurance,\ncover: copayment, or deductible\n• One screening exam every 12 months for members eligible for\nFor women who are pregnant, we cover: Medicare-covered\n• Up to three screening exams during a preventive HIV screening.\npregnancy\nOut-of-Network\n$0 copay for Medicare-\ncovered services.', None, None], ['Home health agency care\nPrior to receiving home health services, a doctor In-Network\nmust certify that you need home health services $0 copay for Medicare-\nand will order home health services to be provided covered services.\nby a home health agency. You must be\nOut-of-Network\nhomebound, which means leaving home is a\n50% of the total cost for\nmajor effort.\nMedicare-covered services.\nCovered services include, but are not limited to:\nPrior authorization may\n• Part-time or intermittent skilled nursing and\nbe required.\nhome health aide services (to be covered\nunder the home health care benefit, your\nskilled nursing and home health aide services\ncombined must total fewer than 8 hours per\nday and 35 hours per week)\n• Physical therapy, occupational therapy, and\nspeech therapy\n• Medical and social services\n• Medical equipment and supplies', None, None]]]
[[['Services that are covered for you', 'What you must pay when', ''], [None, 'you get these services', None], ['Home infusion therapy\nIn-Network\nHome infusion therapy involves the intravenous or\n20% of the total cost for\nsubcutaneous administration of drugs or\nMedicare-covered services.\nbiologicals to an individual at home. The\ncomponents needed to perform home infusion Out-of-Network\ninclude the drug (for example, antivirals, immune 50% of the total cost for\nglobulin), equipment (for example, a pump), and Medicare-covered services.\nsupplies (for example, tubing and catheters).\nPrior authorization may\nCovered services include, but are not limited to: be required.\n• Professional services, including nursing\nservices, furnished in accordance with the\nplan of care\n• Patient training and education not otherwise\ncovered under the durable medical\nequipment benefit\n• Remote monitoring\n• Monitoring services for the provision of\nhome infusion therapy and home infusion\ndrugs furnished by a qualified home infusion\ntherapy supplier', None, None], ['Hospice care\nYou are eligible for the hospice benefit when your When you enroll in a\ndoctor and the hospice medical director have Medicare-certified hospice\ngiven you a terminal prognosis certifying that program, your hospice\nyou’re terminally ill and have 6 months or less to services and your Part A and\nlive if your illness runs its normal course. You may Part B services related to\nreceive care from any Medicare-certified hospice your terminal prognosis are\nprogram. Your plan is obligated to help you find paid for by Original\nMedicare-certified hospice programs in the plan’s Medicare, not Blue Cross\nservice area, including those the MA organization Medicare Advantage Protect\nowns, controls, or has a financial interest in. Your (PPO).\nhospice doctor can be a network provider or an\nout-of-network provider.\nCovered services include:\n• Drugs for symptom control and pain relief\n• Short-term respite care\n• Home care', None, None]]]
[[['Services that are covered for you', 'What you must pay when', ''], [None, 'you get these services', None], ['When you are admitted to a hospice you have the\nright to remain in your plan; if you chose to remain\nin your plan you must continue to pay plan\npremiums.\nFor hospice services and for services that are\ncovered by Medicare Part A or B and are related to\nyour terminal prognosis: Original Medicare (rather\nthan our plan) will pay your hospice provider for\nyour hospice services and any Part A and Part B\nservices related to your terminal prognosis. While\nyou are in the hospice program, your hospice\nprovider will bill Original Medicare for the services\nthat Original Medicare pays for. You will be billed\nOriginal Medicare cost sharing.\nFor services that are covered by Medicare Part A\nor B and are not related to your terminal\nprognosis: If you need non-emergency, non-\nurgently needed services that are covered under\nMedicare Part A or B and that are not related to\nyour terminal prognosis, your cost for these\nservices depends on whether you use a provider in\nour plan’s network and follow plan rules (such as if\nthere is a requirement to obtain prior\nauthorization).\n• If you obtain the covered services from a\nnetwork provider and follow plan rules for\nobtaining service, you only pay the plan cost-\nsharing amount for in-network services.\n• If you obtain the covered services from an\nout-of-network provider, you pay the plan\ncost sharing for out-of-network services.\nFor services that are covered by Blue Cross\nMedicare Advantage Protect (PPO) but are not\ncovered by Medicare Part A or B: Blue Cross\nMedicare Advantage Protect (PPO) will continue to\ncover plan-covered services that are not covered\nunder Part A or B whether or not they are related\nto your terminal prognosis. You pay your plan\ncost-sharing amount for these services.', None, None], ['', '', None]]]
[[['Services that are covered for you', 'What you must pay when', ''], [None, 'you get these services', None], ['Note: If you need non-hospice care (care that is\nnot related to your terminal prognosis), you\nshould contact us to arrange the services.\nOur plan covers hospice consultation services (one\ntime only) for a terminally ill person who hasn’t\nelected the hospice benefit.', None, None], ['Immunizations\nCovered Medicare Part B services include: In-Network\n• Pneumonia vaccine There is no coinsurance,\n• Flu shots, once each flu season in the fall and copayment, or deductible\nwinter, with additional flu shots if medically for the pneumonia,\nnecessary influenza, Hepatitis B, and\n• Hepatitis B vaccine if you are at high or COVID-19 vaccines.\nintermediate risk of getting Hepatitis B\nOut-of-Network\n• COVID-19 vaccine\n$0 copay for Medicare-\n• Other vaccines if you are at risk and they\ncovered services.\nmeet Medicare Part B coverage rules\nWe also cover some vaccines under our Part D\nprescription drug benefit.', None, None], ['Inpatient hospital care\nIncludes inpatient acute, inpatient rehabilitation,\nIn-Network\nlong-term care hospitals and other types of\ninpatient hospital services. Inpatient hospital care $370 copay per day for days\nstarts the day you are formally admitted to the 1-6 and a $0 copay per day\nhospital with a doctor’s order. The day before you for days 7-90 for Medicare-\nare discharged is your last inpatient day. covered services.\nAdditional days: $0 copay\nPlan covers an unlimited number of days per\nper day for days 91 and\nbenefit period. Covered services include but are\nbeyond.\nnot limited to:\n• Semi-private room (or a private room if Out-of-Network\nmedically necessary)\n$500 copay per day for\n• Meals including special diets\nMedicare-covered services.\n• Regular nursing services\nPrior authorization may\n• Costs of special care units (such as intensive\nbe required.\ncare or coronary care units)', None, None]]]
[[['Services that are covered for you', 'What you must pay when', ''], [None, 'you get these services', None], ['• Drugs and medications\n• Lab tests\n• X-rays and other radiology services\n• Necessary surgical and medical supplies\n• Use of appliances, such as wheelchairs\n• Operating and recovery room costs\n• Physical, occupational, and speech language\ntherapy\n• Inpatient substance abuse services\n• Under certain conditions, the following types\nof transplants are covered: corneal, kidney,\nkidney-pancreatic, heart, liver, lung,\nheart/lung, bone marrow, stem cell, and\nintestinal/multivisceral. If you need a\ntransplant, we will arrange to have your case\nreviewed by a Medicare-approved transplant\ncenter that will decide whether you are a\ncandidate for a transplant. Transplant\nproviders may be local or outside of the\nservice area. If our in-network transplant\nservices are outside the community pattern\nof care, you may choose to go locally as long\nas the local transplant providers are willing to\naccept the Original Medicare rate. If Blue\nCross Medicare Advantage Protect (PPO)\nprovides transplant services at a location\noutside the pattern of care for transplants in\nyour community and you choose to obtain\ntransplants at this distant location, we will\narrange or pay for appropriate lodging and\ntransportation costs for you and a\ncompanion.\n• Blood - including storage and administration.\nCoverage of whole blood and packed red\ncells (as well as other components of blood)\nbegins with the first pint of blood that you\nneed.\n• Physician services\nNote: To be an inpatient, your provider must write\nan order to admit you formally as an inpatient of', None, None]]]
[[['Services that are covered for you', 'What you must pay when', ''], [None, 'you get these services', None], ['the hospital. Even if you stay in the hospital\novernight, you might still be considered an\noutpatient. If you are not sure if you are an\ninpatient or an outpatient, you should ask the\nhospital staff.\nYou can also find more information in a Medicare\nfact sheet called Are You a Hospital Inpatient or\nOutpatient? If You Have Medicare – Ask! This fact\nsheet is available on the Web at\nhttps://www.medicare.gov/sites/default/files/2021-\n10/11435-Inpatient-or-Outpatient.pdfor by calling\n1-800-MEDICARE (1-800-633-4227). TTY users call\n1-877-486-2048. You can call these numbers for\nfree, 24 hours a day, 7 days a week.', None, None], ['Inpatient services in a psychiatric hospital\nCovered services include mental health care\nIn-Network\nservices that require a hospital stay. Our plan\ncovers up to 190 days in a lifetime for inpatient $290 copay per day for days\nmental health care in a psychiatric hospital. The 1-6 and a $0 copay per day\ninpatient hospital care limit does not apply to for days 7-90 for Medicare-\ninpatient mental health services provided in a covered services.\ngeneral hospital. Out-of-Network\n$500 copay per day for\nMedicare-covered services.\nPrior authorization may\nbe required.', None, None], ['', '', None], ['Medical nutrition therapy\nThis benefit is for people with diabetes, renal In-Network\n(kidney) disease (but not on dialysis), or after a There is no coinsurance,\nkidney transplant when referred by your doctor. copayment, or deductible\nfor members eligible for\nWe cover 3 hours of one-on-one counseling\nMedicare-covered medical\nservices during your first year that you receive\nnutrition therapy services.\nmedical nutrition therapy services under Medicare\nOut-of-Network\n(this includes our plan, any other Medicare\n$0 copay for Medicare-\nAdvantage plan, or Original Medicare), and 2 hours\neach year after that. If your condition, treatment, covered services.\nor diagnosis changes, you may be able to receive', None, None], ['', '', None]]]
[[['Services that are covered for you', 'What you must pay when', ''], [None, 'you get these services', None], ['more hours of treatment with a physician’s\nreferral. A physician must prescribe these services\nand renew their referral yearly if your treatment is\nneeded into the next calendar year.', None, None], ['Medicare Diabetes Prevention Program\n(MDPP)\nMDPP services will be covered for eligible In-Network\nMedicare beneficiaries under all Medicare health There is no coinsurance,\nplans. copayment, or deductible\nfor the MDPP benefit.\nMDPP is a structured health behavior change\nintervention that provides practical training in Out-of-Network\nlong-term dietary change, increased physical $0 copay for Medicare-\nactivity, and problem-solving strategies for covered services.\novercoming challenges to sustaining weight loss\nand a healthy lifestyle.', None, None], ['Medicare Part B prescription drugs\nThese drugs are covered under Part B of Original Part B drugs may be subject\nMedicare. Members of our plan receive coverage to step therapy\nfor these drugs through our plan. Covered drugs requirements.\ninclude:\nIn-Network\n• Drugs that usually aren’t self-administered by\n20% of the total cost for\nthe patient and are injected or infused while\nMedicare Part B chemo\nyou are getting physician, hospital\ndrugs.\noutpatient, or ambulatory surgical center\n20% of the total cost for\nservices\nother Medicare Part B\n• Insulin furnished through an item of durable\ndrugs.\nmedical equipment (such as a medically\nnecessary insulin pump) You won’t pay more than\n• Other drugs you take using durable medical $35 for a one-month supply\nequipment (such as nebulizers) that were of each insulin product\nauthorized by the plan covered by our plan.\n• Clotting factors you give yourself by injection\nOut-of-Network\nif you have hemophilia\n50% of the total cost for\n• Immunosuppressive Drugs, if you were\nMedicare Part B chemo\nenrolled in Medicare Part A at the time of the\ndrugs.\norgan transplant\n• Injectable osteoporosis drugs, if you are\nhomebound, have a bone fracture that a', None, None]]]
[[['Services that are covered for you', 'What you must pay when', ''], [None, 'you get these services', None], ['doctor certifies was related to post- 50% of the total cost for\nmenopausal osteoporosis, and cannot self- other Medicare Part B\nadminister the drug drugs.\n• Antigens\nYou won’t pay more than\n• Certain oral anti-cancer drugs and anti-\n$35 for a one-month supply\nnausea drugs\nof each insulin product\n• Certain drugs for home dialysis, including\ncovered by our plan.\nheparin, the antidote for heparin when\nmedically necessary, topical anesthetics, and Prior authorization, and/\nerythropoiesis-stimulating agents (such as or step therapy may be\nEpogen®, Procrit®, Epoetin Alfa, Aranesp®, or required.\nDarbepoetin Alfa)\n• Intravenous Immune Globulin for the home\ntreatment of primary immune deficiency\ndiseases\nThe following link will take you to a list of Part B\nDrugs that may be subject to Step Therapy:\ngetblueil.com/mapd.\nWe also cover some vaccines under our Part B\nprescription drug benefit.', None, None], ['Obesity screening and therapy to promote\nsustained weight loss\nIf you have a body mass index of 30 or more, we In-Network\ncover intensive counseling to help you lose weight.\nThere is no coinsurance,\nThis counseling is covered if you get it in a primary copayment, or deductible\ncare setting, where it can be coordinated with your for preventive obesity\ncomprehensive prevention plan. Talk to your screening and therapy.\nprimary care doctor or practitioner to find out\nOut-of-Network\nmore.\n$0 copay for Medicare-\ncovered services.', None, None]]]
[[['Services that are covered for you', 'What you must pay when', ''], [None, 'you get these services', None], ['Opioid treatment program services\nMembers of our plan with opioid use disorder In-Network\n(OUD) can receive coverage of services to treat $50 copay for Medicare-\nOUD through an Opioid Treatment Program (OTP) covered opioid treatment\nwhich includes the following services: program services.\n• U.S. Food and Drug Administration (FDA)-\nOut-of-Network\napproved opioid agonist and antagonist\n$75 copay for Medicare-\nmedication-assisted treatment (MAT)\ncovered opioid treatment\nmedications.\nprogram services.\n• Dispensing and administration of MAT\nmedications (if applicable)\n• Substance use counseling\n• Individual and group therapy\n• Toxicology testing\n• Intake activities\n• Periodic assessments', None, None], ['Outpatient diagnostic tests and therapeutic\nservices and supplies\nCovered services include, but are not limited to: In-Network\n• X-rays\nMedicare-covered\n• Radiation (radium and isotope) therapy\noutpatient X-ray services: $0\nincluding technician materials and supplies\ncopay- $100 copay ($0\n• Surgical supplies, such as dressings\ncopay at a Primary Care\n• Splints, casts and other devices used to\nPhysician, $50 copay at a\nreduce fractures and dislocations\nSpecialist, $5 copay at a\n• Laboratory tests\nFree-Standing Facility, or\n• Blood - including storage and administration.\n$100 copay at an Outpatient\nCoverage of whole blood and packed red\nHospital. UM/UR\ncells (as well as other components of blood)\nauthorization is required for\nbegins with the first pint of blood that you\nhigh-tech radiology)\nneed.\nMedicare-covered\n• Other outpatient diagnostic tests\ntherapeutic radiology\nservices: $60 copay (UM/UR\nauthorization is required for\nhigh-tech radiology)\nMedicare-covered medical\nsupplies: 20% of the total\ncost', None, None]]]
[[['Services that are covered for you', 'What you must pay when', ''], [None, 'you get these services', None], ['Medicare-covered\noutpatient lab services: $5\ncopay\nMedicare-covered\noutpatient blood services:\n$0 copay\nMedicare-covered\ndiagnostic procedures/tests:\n$0 copay - $100 copay ($0\ncopay at a Diagnostic Bone\nMass Measurement and\nDiagnostic Colonoscopy test\nperformed on the same\ndate of service as the\ncorresponding preventive\ntest. All other services are\ncovered at a $0 copay at a\nPrimary Care Physician, $50\ncopay at a Specialist, or\n$100 copay at an Outpatient\nHospital)\nMedicare-covered\ndiagnostic radiology\nservices: $0 copay - $300\ncopay ($0 copay for the\nDiagnostic Mammography\ntest performed on the same\ndate of service as the\ncorresponding preventive\ntest. All other diagnostic\nmammograms are covered\nat a $0 copay at a Primary\nCare Physician, $50 copay at\na Specialist, or $100 copay\nat an Outpatient Hospital.\nAll other services are\ncovered $250 copay at a\nFree-Standing Radiology\nFacility, or $300 copay at an', None, None]]]
[[['Services that are covered for you', 'What you must pay when', ''], [None, 'you get these services', None], ['Outpatient Hospital. UM/UR\nauthorization is required for\nhigh-tech radiology.)\nOut-of-Network\nMedicare-covered\noutpatient X-ray services:\n$30 copay - $200 copay ($30\ncopay at a Primary Care\nPhysician, $75 copay at a\nSpecialist, $200 copay at a\nFree-Standing Facility, or\n$200 copay at an Outpatient\nHospital)\nMedicare-covered\ntherapeutic radiology\nservices: 50% of the total\ncost\nMedicare-covered medical\nsupplies: 20% of the total\ncost\nMedicare-covered\noutpatient lab services:\n$200 copay\nMedicare-covered\noutpatient blood services:\n50% of the total cost\nMedicare-covered\ndiagnostic procedures/tests:\n$0 copay - $200 copay ($0\ncopay for the Diagnostic\nBone Mass Measurement\nand Diagnostic Colonoscopy\ntest performed on the same\ndate of service as the\ncorresponding preventive\ntest. All other services are\ncovered at a $0 copay at a\nPrimary Care Physician, $50', None, None]]]
[[['Services that are covered for you', 'What you must pay when', ''], [None, 'you get these services', None], ['copay at a Specialist, $100\ncopay at an Outpatient\nHealth.)\nMedicare-covered\ndiagnostic radiology\nservices: $0 copay - $400\ncopay ($0 copay for the\nDiagnostic Mammography\ntest performed on the same\ndate of service as the\ncorresponding preventive\ntest. All other diagnostic\nmammograms are covered\nat $30 copay at a Primary\nCare Physician, $75 copay at\na Specialist, or $200 copay\nat an Outpatient Hospital.\nAll other services are at\n$400 copay at a Free-\nStanding Radiology Facility,\nor $400 copay at an\nOutpatient Hospital.)\nPrior authorization may\nbe required.', None, None], ['Outpatient hospital observation\nObservation services are hospital outpatient In-Network\nservices given to determine if you need to be $370 copay for Medicare-\nadmitted as an inpatient or can be discharged. covered observation\nFor outpatient hospital observation services to be services.\ncovered, they must meet the Medicare criteria and\nOut-of-Network\nbe considered reasonable and necessary.\n$400 copay for Medicare-\nObservation services are covered only when\ncovered observation\nprovided by the order of a physician or another\nservices.\nindividual authorized by state licensure law and\nhospital staff bylaws to admit patients to the Prior authorization may\nhospital or order outpatient tests. be required.\nNote: Unless the provider has written an order to\nadmit you as an inpatient to the hospital, you are', None, None]]]
[[['Services that are covered for you', 'What you must pay when', ''], [None, 'you get these services', None], ['an outpatient and pay the cost-sharing amounts\nfor outpatient hospital services. Even if you stay in\nthe hospital overnight, you might still be\nconsidered an outpatient. If you are not sure if you\nare an outpatient, you should ask the hospital\nstaff.\nYou can also find more information in a Medicare\nfact sheet called Are You a Hospital Inpatient or\nOutpatient? If You Have Medicare – Ask! This fact\nsheet is available on the Web at\nhttps://www.medicare.gov/sites/default/files/2021-\n10/11435-Inpatient-or-Outpatient.pdf or by calling\n1-800-MEDICARE (1-800-633-4227). TTY users call\n1-877-486-2048. You can call these numbers for\nfree, 24 hours a day, 7 days a week.', None, None], ['', '', None], ['Outpatient hospital services\nWe cover medically-necessary services you get in In-Network\nthe outpatient department of a hospital for $375 copay for Medicare-\ndiagnosis or treatment of an illness or injury. covered outpatient hospital\nservices.\nCovered services include, but are not limited to:\n• Services in an emergency department or $300 copay for Medicare-\noutpatient clinic, such as observation covered ambulatory surgical\nservices or outpatient surgery services.\n• Laboratory and diagnostic tests billed by the\nOut-of-Network\nhospital\n$400 copay for Medicare-\n• Mental health care, including care in a\ncovered outpatient hospital\npartial-hospitalization program, if a doctor\nservices.\ncertifies that inpatient treatment would be\nrequired without it $350 copay for Medicare-\ncovered ambulatory surgical\n• X-rays and other radiology services billed by\nservices.\nthe hospital\n• Medical supplies such as splints and casts\n• Certain drugs and biologicals that you can’t\ngive yourself\nNote: Unless the provider has written an order to\nadmit you as an inpatient to the hospital, you are\nan outpatient and pay the cost-sharing amounts\nfor outpatient hospital services. Even if you stay in', None, None]]]
[[['Services that are covered for you', 'What you must pay when', ''], [None, 'you get these services', None], ['the hospital overnight, you might still be\nconsidered an outpatient. If you are not sure if you\nare an outpatient, you should ask the hospital\nstaff.\nYou can also find more information in a Medicare\nfact sheet called Are You a Hospital Inpatient or\nOutpatient? If You Have Medicare – Ask! This fact\nsheet is available on the Web\nat https://www.medicare.gov/sites/default/files/20\n21-10/11435-Inpatient-or-Outpatient.pdfor by\ncalling 1-800-MEDICARE (1-800-633-4227). TTY\nusers call 1-877-486-2048. You can call these\nnumbers for free, 24 hours a day, 7 days a week.', None, None], ['Outpatient mental health care\nCovered services include: In-Network\nMental health services provided by a state- $40 copay for Medicare-\nlicensed psychiatrist or doctor, clinical covered individual\npsychologist, clinical social worker, clinical nurse psychiatrist services.\nspecialist, licensed professional counselor (LPC),\n$40 copay for Medicare-\nlicensed marriage and family therapist (LMFT),\ncovered group psychiatrist\nnurse practitioner (NP), physician assistant (PA), or\nservices.\nother Medicare-qualified mental health care\nprofessional as allowed under applicable state $40 copay for Medicare-\nlaws. covered individual mental\nhealth services.\n$40 copay for Medicare-\ncovered group mental\nhealth services.\nOut-of-Network\n$50 copay for Medicare-\ncovered individual\npsychiatric services.\n$50 copay for Medicare-\ncovered group psychiatric\nservices.', None, None]]]
[[['Services that are covered for you', 'What you must pay when', ''], [None, 'you get these services', None], ['$50 copay for Medicare-\ncovered individual mental\nhealth services.\n$50 copay for Medicare-\ncovered group mental\nhealth services.\nPrior authorization may\nbe required.', None, None], ['Outpatient rehabilitation services\nCovered services include: physical therapy, In-Network\noccupational therapy, and speech language $40 copay for Medicare-\ntherapy. covered occupational\ntherapy services.\nOutpatient rehabilitation services are provided in\nvarious outpatient settings, such as hospital $40 copay for Medicare-\noutpatient departments, independent therapist covered speech and physical\noffices, and Comprehensive Outpatient therapy services.\nRehabilitation Facilities (CORFs).\nOut-of-Network\n$75 copay for Medicare-\ncovered occupational\ntherapy services.\n$75 copay for Medicare-\ncovered speech and physical\ntherapy services.\nPrior authorization may\nbe required.', None, None], ['Outpatient substance abuse services\nIn-Network\nCoverage under Medicare Part B is available for\n$75 copay for Medicare-\ntreatment services that are provided in the\ncovered individual\noutpatient department of a hospital to patients\nsubstance abuse treatment.\nwho, for example, have been discharged from an\ninpatient stay for the treatment of drug substance $75 copay for Medicare-\nabuse or who require treatment but do not covered group substance\nrequire the availability and intensity of services abuse treatment.\nfound only in the inpatient hospital setting.', None, None]]]
[[['Services that are covered for you', 'What you must pay when', ''], [None, 'you get these services', None], ['$55 copay for Medicare-\ncovered partial\nhospitalization services.\nOut-of-Network\n$100 copay for Medicare-\ncovered individual\nsubstance abuse treatment.\n$100 copay for Medicare-\ncovered group substance\nabuse treatment.\n$75 copay for Medicare-\ncovered partial\nhospitalization services.\nPrior authorization may\nbe required.', None, None], ['Outpatient surgery, including services\nprovided at hospital outpatient facilities and\nambulatory surgical centers\nNote: If you are having surgery in a hospital In-Network\nfacility, you should check with your provider $300 copay for Medicare-\nabout whether you will be an inpatient or Covered ambulatory\noutpatient. Unless the provider writes an order surgical services.\nto admit you as an inpatient to the hospital, you\n$375 copay for Medicare-\nare an outpatient and pay the cost-sharing\ncovered outpatient hospital\namounts for outpatient surgery. Even if you stay\nservices.\nin the hospital overnight, you might still be\nconsidered an outpatient. $370 copay for Medicare-\ncovered observation\nservices.\nOut-of-Network\n$350 copay for Medicare-\ncovered ambulatory surgical\nservices.\n$400 copay for Medicare-\ncovered outpatient hospital\nservices.', None, None], ['', '', None]]]
[[['Services that are covered for you', 'What you must pay when', ''], [None, 'you get these services', None], ['$400 copay for Medicare-\ncovered observation\nservices.\nPrior authorization may\nbe required.', None, None], ['Partial hospitalization services and Intensive\noutpatient services\nIn-Network\nPartial hospitalization is a structured program of $55 copay for Medicare-\nactive psychiatric treatment provided as a hospital covered partial\noutpatient service or by a community mental hospitalization services.\nhealth center, that is more intense than the care\nOut-of-Network\nreceived in your doctor’s or therapist’s office and is\n$75 copay for Medicare-\nan alternative to inpatient hospitalization.\ncovered partial\nIntensive outpatient service is a structured\nhospitalization services.\nprogram of active behavioral (mental) health\ntherapy treatment provided in a hospital Prior authorization may\noutpatient department, a community mental be required.\nhealth center, a Federally qualified health center,\nor a rural health clinic that is more intense than\nthe care received in your doctor’s or therapist’s\noffice but less intense than partial hospitalization.', None, None], ['Physician/Practitioner services, including\ndoctor’s office visits\nCovered services include: In-Network\n• Medically-necessary medical care or surgery $0 copay for Medicare-\nservices furnished in a physician’s office, covered primary care\ncertified ambulatory surgical center, hospital physician services.\noutpatient department, or any other location\n$50 copay for Medicare-\n• Consultation, diagnosis, and treatment by a\ncovered physician specialist\nspecialist\nservices or services\n• Basic hearing and balance exams performed\nprovided by other health\nby your specialist, if your doctor orders it to\ncare professionals such as\nsee if you need medical treatment\nnurse practitioners,\n• Certain telehealth services, including sore\nphysician assistants, etc.\nthroat, fever, cough, nausea and other\nnon-emergency illnesses. $0 copay for urgent care\nvisits through MDLive\no You have the option of getting these\nservices through an in-person visit or', None, None]]]
[[['Services that are covered for you', 'What you must pay when', ''], [None, 'you get these services', None], ["by telehealth. If you choose to get\nOut-of-Network\none of these services by telehealth,\n$30 copay for Medicare-\nyou must use a network provider who\ncovered primary care\noffers the service by telehealth.\nphysician services.\no This telehealth service is offered\n$75 copay for Medicare-\nthrough MDLive. Members will need\ncovered physician specialist\nto complete registration and be\nservices or services\ndirected to complete a medical\nprovided by other health\nquestionnaire upon first visit to the\ncare professionals such as\nMDLive portal. Please contact MDLive\nnurse practitioners,\nat 1-888-680-8646 or visit the MDLive\nphysician assistants, etc.\nwebsite at www.mdlive.com. Access\nto telehealth service can be $0 copay for urgent care\ncompleted through computer, tablet, visits through MDLive\nsmartphone, traditional phone and\nPrior authorization may\ncan include web-based video. be required.\n• Some telehealth services, including\nconsultation, diagnosis, and treatment by a\nphysician or practitioner, for patients in\ncertain rural areas or other places approved\nby Medicare\n• Telehealth services for monthly end-stage\nrenal disease-related visits for home dialysis\nmembers in a hospital-based or critical\naccess hospital-based renal dialysis center,\nrenal dialysis facility, or the member's home\n• Telehealth services to diagnose, evaluate, or\ntreat symptoms of a stroke, regardless of\nyour location\n• Telehealth services for members with a\nsubstance use disorder or co-occurring\nmental health disorder, regardless of their\nlocation\n• Telehealth services for diagnosis, evaluation,\nand treatment of mental health disorders if:\no You have an in-person visit within 6\nmonths prior to your first telehealth\nvisit", None, None]]]
[[['Services that are covered for you', 'What you must pay when', ''], [None, 'you get these services', None], ["o You have an in-person visit every 12\nmonths while receiving these telehealth\nservices\no Exceptions can be made to the above\nfor certain circumstances\n• Telehealth services for mental health visits\nprovided by Rural Health Clinics and\nFederally Qualified Health Centers\n• Virtual check-ins (for example, by phone or\nvideo chat) with your doctor for 5-10 minutes\nif:\no You're not a new patient and\no The check-in isn't related to an office\nvisit in the past 7 days and\no The check-in doesn't lead to an office\nvisit within 24 hours or the soonest\navailable appointment\n• Evaluation of video and/or images you send\nto your doctor, and interpretation and follow-\nup by your doctor within 24 hours if:\no You're not a new patient and\no The evaluation isn't related to an office\nvisit in the past 7 days and\no The evaluation doesn't lead to an office\nvisit within 24 hours or the soonest\navailable appointment\n• Consultation your doctor has with other\ndoctors by phone, internet, or electronic\nhealth record\n• Second opinion by another network provider\nprior to surgery\n• Non-routine dental care (covered services\nare limited to surgery of the jaw or related\nstructures, setting fractures of the jaw or\nfacial bones, extraction of teeth to prepare\nthe jaw for radiation treatments of neoplastic\ncancer disease, or services that would be\ncovered when provided by a physician)", None, None]]]
[[['Services that are covered for you', 'What you must pay when', ''], [None, 'you get these services', None], ['Podiatry services\nCovered services include: In-Network\n• Diagnosis and the medical or surgical $40 copay for Medicare-\ntreatment of injuries and diseases of the feet covered services.\n(such as hammer toe or heel spurs)\nOut-of-Network\n• Routine foot care for members with certain\n$75 copay for Medicare-\nmedical conditions affecting the lower limbs\ncovered services.\nPrior authorization may\nbe required.', None, None], ['Prostate cancer screening exams\nFor men aged 50 and older, covered services In-Network\ninclude the following - once every 12 months: There is no coinsurance,\n• Digital rectal exam copayment, or deductible\n• Prostate Specific Antigen (PSA) test for an annual PSA test.\n$0 copay for an annual\nMedicare-covered digital\nrectal exam.\nOut-of-Network\n$0 copay for Medicare-\ncovered services.\n$0 copay for an annual\nMedicare-covered digital\nrectal exam.', None, None], ['Prosthetic devices and related supplies\nDevices (other than dental) that replace all or part In-Network\nof a body part or function. These include but are 20% of the total cost for\nnot limited to: colostomy bags and supplies Medicare-covered\ndirectly related to colostomy care, pacemakers, prosthetic devices.\nbraces, prosthetic shoes, artificial limbs, and\n20% of the total cost for\nbreast prostheses (including a surgical brassiere\nMedicare-covered medical\nafter a mastectomy). Includes certain supplies\nsupplies.\nrelated to prosthetic devices, and repair and/or\nreplacement of prosthetic devices. Also includes\nsome coverage following cataract removal or', None, None]]]
[[['Services that are covered for you', 'What you must pay when', ''], [None, 'you get these services', None], ['cataract surgery – see Vision Care later in this Out-of-Network\nsection for more detail. 20% of the total cost for\nMedicare-covered\nprosthetic devices.\n20% of the total cost for\nMedicare-covered medical\nsupplies.\nPrior authorization may\nbe required.', None, None], ['Pulmonary rehabilitation services\nComprehensive programs of pulmonary In-Network\nrehabilitation are covered for members who have $15 copay for Medicare-\nmoderate to very severe chronic obstructive\ncovered pulmonary rehab\npulmonary disease (COPD) and a referral for services.\npulmonary rehabilitation from the doctor treating\nOut-of-Network\nthe chronic respiratory disease.\n$75 copay for Medicare-\ncovered pulmonary rehab\nservices.\nPrior authorization may\nbe required.', None, None], ['Rewards Program\nRewards Program for Healthy Activities\nEarn up to $100 annually for\nYou can earn rewards for completing selected completing healthy\nscreenings, managing chronic conditions, or activities* such as the\nseeing your physician for a physical. examples below:\nMembers can potentially receive rewards for\n• Welcome to\ncompleting eligible health activities during the\nMedicare/Annual\ncalendar year (January 1 - December 31).\nPhysical or Qualified\nThe amount of the reward is up to a maximum of Wellness Visits\n$100 annually and will be triggered by submission • Annual Flu Vaccine\nof a claim. Most Healthy Action completions\n• Colorectal Screening\nreward members $25 in the form of a gift card.\nThe Annual Wellness Visit will reward members • Retinal Exam\n$50 upon completion.', None, None]]]
[[['Services that are covered for you', 'What you must pay when', ''], [None, 'you get these services', None], ['These rewards can be redeemed for a variety of • Mammogram\ngift cards that can be used at select pharmacies or\nAdditional healthy activities\nnational retailers. Members can opt to obtain a gift\nmay be identified and\ncard for the completion of each individually\nprovided to members after\ncompleted healthy activity or they can opt to pool\nthe beginning of the plan\ntheir reward amounts for numerous completed\nyear via mail, email or\nhealthy activities. A maximum of one payment for\nthrough the member portal.\neach specific healthy activity per year will be\nrewarded until you reach the $100 maximum. *This list is subject to\nchange.\nThe Rewards Program offers\nthe above healthy activities\nfor all members as well as\nadditional healthy activities\nbased on your unique\nneeds.\nTo register and determine\nthe current list of healthy\nactivities, go to\nwww.BlueRewardsIL.com.\nYou will need your member\nID card, date of birth and\nemail address to register\nonline if you have not\nalready.\nYou can also call the\nnumber on the back of your\nmember ID card to learn\nmore about the program\nand register. Customer\nService will take your\ninformation to begin the\nprocess to set up your\naccount.\nREGISTRATION IS\nREQUIRED', None, None]]]
[[['Services that are covered for you', 'What you must pay when', ''], [None, 'you get these services', None], ['Screening and counseling to reduce alcohol\nmisuse\nWe cover one alcohol misuse screening for adults In-Network\nwith Medicare (including pregnant women) who There is no coinsurance,\nmisuse alcohol but aren’t alcohol dependent. copayment, or deductible\nfor the Medicare-covered\nIf you screen positive for alcohol misuse, you can\nscreening and counseling to\nget up to four brief face-to-face counseling\nreduce alcohol misuse\nsessions per year (if you’re competent and alert\npreventive benefit.\nduring counseling) provided by a qualified primary\ncare doctor or practitioner in a primary care Out-of-Network\nsetting. $0 copay for Medicare-\ncovered services.', None, None], ['Screening for lung cancer with low dose\ncomputed tomography (LDCT)\nFor qualified individuals, a LDCT is covered every In-Network\n12 months. There is no coinsurance,\ncopayment, or deductible\nEligible members are: people aged 50 – 77 years\nfor the Medicare covered\nwho have no signs or symptoms of lung cancer,\ncounseling and shared\nbut who have a history of tobacco smoking of at\ndecision-making visit or for\nleast 20 pack-years and who currently smoke or\nthe LDCT.\nhave quit smoking within the last 15 years, who\nreceive a written order for LDCT during a lung Out-of-Network\ncancer screening counseling and shared decision $0 copay for Medicare-\nmaking visit that meets the Medicare criteria for covered services.\nsuch visits and be furnished by a physician or\nqualified non-physician practitioner.\nFor LDCT lung cancer screenings after the initial LDCT\nscreening: the member must receive a written\norder for LDCT lung cancer screening, which may\nbe furnished during any appropriate visit with a\nphysician or qualified non-physician practitioner. If\na physician or qualified non-physician practitioner\nelects to provide a lung cancer screening\ncounseling and shared decision-making visit for\nsubsequent lung cancer screenings with LDCT, the', None, None]]]
[[['Services that are covered for you', 'What you must pay when', ''], [None, 'you get these services', None], ['visit must meet the Medicare criteria for such\nvisits.', None, None], ['Screening for sexually transmitted\ninfections (STIs) and counseling to prevent STIs\nWe cover sexually transmitted infection (STI) In-Network\nscreenings for chlamydia, gonorrhea, syphilis, and There is no coinsurance,\nHepatitis B. These screenings are covered for copayment, or deductible\npregnant women and for certain people who are for the Medicare-covered\nat increased risk for an STI when the tests are screening for STIs and\nordered by a primary care provider. We cover counseling for STIs\nthese tests once every 12 months or at certain preventive benefit.\ntimes during pregnancy.\nOut-of-Network\nWe also cover up to two individual 20 to 30 $0 copay for Medicare-\nminute, face-to-face high-intensity behavioral covered services.\ncounseling sessions each year for sexually active\nadults at increased risk for STIs. We will only cover\nthese counseling sessions as a preventive service if\nthey are provided by a primary care provider and\ntake place in a primary care setting, such as a\ndoctor’s office.', None, None], ['Services to treat kidney disease\nCovered services include: In-Network\n• Kidney disease education services to teach $0 copay for Medicare-\nkidney care and help members make covered kidney disease\ninformed decisions about their care. For education.\nmembers with stage IV chronic kidney\n20% of the total cost for\ndisease when referred by their doctor, we\nMedicare-covered dialysis\ncover up to six sessions of kidney disease\nservices.\neducation services per lifetime\n• Outpatient dialysis treatments (including Out-of-Network\ndialysis treatments when temporarily out of $0 copay for Medicare-\nthe service area, as explained in Chapter 3, or covered kidney disease\nwhen your provider for this service is education.\ntemporarily unavailable or inaccessible)\n50% of the total cost for\n• Inpatient dialysis treatments (if you are\nMedicare-covered dialysis\nadmitted as an inpatient to a hospital for\nservices.\nspecial care)', None, None]]]
[[['Services that are covered for you', 'What you must pay when', ''], [None, 'you get these services', None], ['• Self-dialysis training (includes training for you\nand anyone helping you with your home\ndialysis treatments)\n• Home dialysis equipment and supplies\n• Certain home support services (such as,\nwhen necessary, visits by trained dialysis\nworkers to check on your home dialysis, to\nhelp in emergencies, and check your dialysis\nequipment and water supply)\nCertain drugs for dialysis are covered under your\nMedicare Part B drug benefit. For information\nabout coverage for Part B Drugs, please go to the\nsection, Medicare Part B prescription drugs.', None, None], ['Skilled nursing facility (SNF) care\n(For a definition of skilled nursing facility care, see\nIn-Network\nChapter 10 of this document. Skilled nursing\nfacilities are sometimes called SNFs.) $0 copay per day for days 1-\n20.\nPlan covers 100 days per benefit period. Covered\nservices include but are not limited to: $203 copay per day for days\n• Semiprivate room (or a private room if 21-59.\nmedically necessary)\n$0 copay per day for days\n• Meals, including special diets\n60-100 for Medicare-\n• Skilled nursing services\ncovered services.\n• Physical therapy, occupational therapy, and\nOut-of-Network\nspeech therapy\n• Drugs administered to you as part of your $250 copay per day for\nplan of care (this includes substances that Medicare-covered services.\nare naturally present in the body, such as\nInpatient hospital stay is not\nblood clotting factors.)\nrequired prior to admission.\n• Blood - including storage and administration.\nCoverage of whole blood and packed red Prior authorization may\ncells (as well as other components of blood) be required.\nbegins with the first pint of blood that you\nneed.\n• Medical and surgical supplies ordinarily\nprovided by SNFs\n• Laboratory tests ordinarily provided by SNFs\n• X-rays and other radiology services ordinarily\nprovided by SNFs', None, None]]]
[[['Services that are covered for you', 'What you must pay when', ''], [None, 'you get these services', None], ['• Use of appliances such as wheelchairs\nordinarily provided by SNFs\n• Physician/Practitioner services\nGenerally, you will get your SNF care from network\nfacilities. However, under certain conditions listed\nbelow, you may be able to pay in-network cost\nsharing for a facility that isn’t a network provider, if\nthe facility accepts our plan’s amounts for\npayment.\n• A nursing home or continuing care\nretirement community where you were living\nright before you went to the hospital (as long\nas it provides skilled nursing facility care)\n• A SNF where your spouse or domestic\npartner is living at the time you leave the\nhospital', None, None], ['Smoking and tobacco use cessation\n(counseling to stop smoking or tobacco use)\nIf you use tobacco, but do not have signs or\nIn-Network\nsymptoms of tobacco-related disease: We cover\nThere is no coinsurance,\ntwo counseling quit attempts within a 12-month\ncopayment, or deductible\nperiod as a preventive service with no cost to you.\nfor the Medicare-covered\nEach counseling attempt includes up to four face-\nsmoking and tobacco use\nto-face visits.\ncessation preventive\nIf you use tobacco and have been diagnosed with benefits.\na tobacco-related disease or are taking medicine\nOut-of-Network\nthat may be affected by tobacco: We cover\n$0 copay for Medicare-\ncessation counseling services. We cover two\ncovered services.\ncounseling quit attempts within a 12-month\nperiod, however, you will pay the applicable cost\nsharing. Each counseling attempt includes up to\nfour face-to-face visits.', None, None], ['Supervised Exercise Therapy (SET)\nSET is covered for members who have In-Network\nsymptomatic peripheral artery disease (PAD) and a $25 copay for Medicare-\nreferral for PAD from the physician responsible for covered supervised exercise\nPAD treatment. therapy.', None, None]]]
[[['Services that are covered for you', 'What you must pay when', ''], [None, 'you get these services', None], ['Out-of-Network\nUp to 36 sessions over a 12-week period are\n$75 copay for Medicare-\ncovered if the SET program requirements are met.\ncovered supervised exercise\nThe SET program must: therapy.\n• Consist of sessions lasting 30-60 minutes,\nPrior authorization may\ncomprising a therapeutic exercise-training\nbe required.\nprogram for PAD in patients with claudication\n• Be conducted in a hospital outpatient setting\nor a physician’s office\n• Be delivered by qualified auxiliary personnel\nnecessary to ensure benefits exceed harms,\nand who are trained in exercise therapy for\nPAD\n• Be under the direct supervision of a\nphysician, physician assistant, or nurse\npractitioner/clinical nurse specialist who\nmust be trained in both basic and advanced\nlife support techniques\nSET may be covered beyond 36 sessions over 12\nweeks for an additional 36 sessions over an\nextended period of time if deemed medically\nnecessary by a health care provider.', None, None], ['', '', None], ['Urgently needed services\nUrgently needed services are provided to treat a $40 copay for Medicare-\nnon-emergency, unforeseen medical illness, injury, covered services.\nor condition that requires immediate medical care\nWorldwide coverage\nbut, given your circumstances, it is not possible, or\n$120 copay for\nit is unreasonable, to obtain services from network\nemergency/urgent services.\nproviders. If it is unreasonable given your\ncircumstances to immediately obtain the medical\ncare from a network provider, then your plan will\ncover the urgently needed services from a\nprovider out-of-network. Services must be\nimmediately needed and medically necessary.\nExamples of urgently needed services that the\nplan must cover out of network occur if: You are\ntemporarily outside the service area of the plan\nand require medically needed immediate services\nfor an unforeseen condition but it is not a medical', None, None], ['', '', None]]]
[[['Services that are covered for you', 'What you must pay when', ''], [None, 'you get these services', None], ['emergency; or it is unreasonable given your\ncircumstances to immediately obtain the medical\ncare from a network provider. Cost sharing for\nnecessary urgently needed services furnished out-\nof-network is the same as for such services\nfurnished in-network.', None, None], ['Vision care\nCovered services include:\nMedicare-Covered Services:\n• Outpatient physician services for the\nIn-Network\ndiagnosis and treatment of diseases and\n$0 copay for Medicare-\ninjuries of the eye, including treatment for\ncovered eye exam to\nage-related macular degeneration. Original\ndiagnose and treat diseases\nMedicare doesn’t cover routine eye exams\nand conditions of the eye.\n(eye refractions) for eyeglasses/contacts\n• For people who are at high risk of glaucoma, $0 copay for an annual\nwe will cover one glaucoma screening each glaucoma screening.\nyear. People at high risk of glaucoma include:\n$0 copay for 1 pair of\npeople with a family history of glaucoma,\neyeglasses (lenses and\npeople with diabetes, African Americans who\nframes) or contact lenses\nare age 50 and older and Hispanic Americans\nafter cataract surgery.\nwho are 65 or older.\n• For people with diabetes, screening for Out-of-Network\ndiabetic retinopathy is covered once per $75 copay for Medicare-\nyear. covered eye exam to\n• One pair of eyeglasses or contact lenses after diagnose and treat diseases\neach cataract surgery that includes insertion and conditions of the eye.\nof an intraocular lens (If you have two $75 copay for an annual\nseparate cataract operations, you cannot glaucoma screening.\nreserve the benefit after the first surgery and $75 copay for 1 pair of\npurchase two eyeglasses after the second eyeglasses (lenses and\nsurgery.) frames) or contact lenses\nafter cataract surgery.', None, None], ['', '', None]]]
[[['Services that are covered for you', 'What you must pay when', ''], [None, 'you get these services', None], ['Supplemental Vision\nServices:\nIn-Network\nRoutine Eye Exam: $0 copay\nfor 1 routine eye exam\nevery year.\nOut-of-Network\n$40 allowance for a routine\neye exam every year.\nFor members with Type 1 or\nType 2 diabetes, an office visit\nand diagnostic testing\n(separate from the routine eye\nexam) is available once every\n6 months. Diagnostic tests\nmay include gonioscopy,\nextended ophthalmoscopy,\nfundus photography and\nscanning laser.\nIn- and Out-of-Network\nRoutine eye wear: $100 plan\ncoverage limited in- and out-\nof-network for routine eye\nwear every year (including\neyeglass frames, lenses, and\ncontact lenses). Coverage\nincludes:\n• 1 pair of eyeglass\nlenses every year\n(Standard lenses\nonly. Progressive\nlenses excluded)\n• 1 frame every year', None, None]]]
[[['Services that are covered for you', 'What you must pay when', ''], [None, 'you get these services', None], ['Welcome to Medicare preventive visit\nThe plan covers the one-time Welcome to Medicare In-Network\npreventive visit. The visit includes a review of your There is no coinsurance,\nhealth, as well as education and counseling about copayment, or deductible\nthe preventive services you need (including certain for the Welcome to Medicare\nscreenings and shots), and referrals for other care preventive visit.\nif needed.\nOut-of-Network\nImportant: We cover the Welcome to Medicare $0 copay for Medicare-\npreventive visit only within the first 12 months you covered services.\nhave Medicare Part B. When you make your\nappointment, let your doctor’s office know you\nwould like to schedule your Welcome to Medicare\npreventive visit.', None, None], ['Worldwide Emergency/Urgent Coverage\nWorldwide coverage is available for urgent and $120 copay\nemergency services only. For information\nWorldwide coverage is for\nregarding international urgent or emergency\nemergent and urgent care\nservices, visit the website at\nonly.\nwww.bcbsglobalcore.com or call toll free 1-800-\n810-Blue (2583) or call collect at 1-804-673-1177. In\naddition to contacting the Blue Cross Blue Shield\nGlobal Core, call your BCBS company for\nprecertification or preauthorization. You may also\ncontact the plan for more details on how to access\nthis benefit.', None, None], ['', '', None]]]
